Title,Link,Created at,Price,Brand Name
Notebook Positivo-BGH A1100,http://www.fravega.com/notebook-positivo-bgh-a1100-362873/p,2017-03-03,6.499,Positivo BGH
Notebook Compaq 21-N115AR,http://www.fravega.com/notebook-compaq-21-n115ar-363018/p,2017-03-03,11.999,Compaq
Notebook Acer E5-573-747T CI7,http://www.fravega.com/notebook-acer-e5-573-747t-ci7-362861/p,2017-03-03,15.999,Acer
Notebook Positivo-BGH Z-131,http://www.fravega.com/notebook-positivo-bgh-z-131-362851/p,2017-03-03,7.479,Positivo BGH
NOTEBOOK ASUS X554LA-XX2175T I3,http://www.fravega.com/notebook-asus-x554la-xx2175t-i3-362883/p,2017-03-03,12.999,Asus
NOTEBOOK ACER E5-573-747T CI7,http://www.fravega.com/notebook-acer-e5-573-747t-ci7-362841/p,2017-03-03,16.999,Acer
Notebook Bangho G5-I1 Celeron,http://www.fravega.com/notebook-bangho-g5-i1-celeron-363162/p,2017-03-03,7.999,Bangho
Notebook Bangho G5-I2 PENTIUM,http://www.fravega.com/notebook-bangho-g5-i2-pentium-363010/p,2017-03-03,9.499,Bangho
NOTEBOOK ASUS X453SA-WX078T CL,http://www.fravega.com/notebook-asus-x453sa-wx078t-cl-362869/p,2017-03-03,7.999,Asus
Notebook Compaq 21-N2F7AR,http://www.fravega.com/notebook-compaq-21-n2f7ar-362796/p,2017-03-03,15.679,Compaq
Notebook Positivo-BGH E-975X,http://www.fravega.com/notebook-positivo-bgh-e-975x-362695/p,2017-03-03,15.189,Positivo BGH
Notebook Positivo-BGH FX1000,http://www.fravega.com/notebook-positivo-bgh-fx1000-363056/p,2017-03-03,10.999,Positivo BGH
Notebook PCBox KEI,http://www.fravega.com/notebook-pcbox-kei-363012/p,2017-03-03,6.859,PCBox
Notebook Positivo-BGH A1500,http://www.fravega.com/notebook-positivo-bgh-a1500-362908/p,2017-03-03,9.799,Positivo BGH
NOTEBOOK ADMIRAL TB001NS,http://www.fravega.com/notebook-admiral-tb001ns-362949/p,2017-03-03,7.059,Admiral
Notebook Dell Inspiron 15 3000 Series 3552,http://www.fravega.com/notebook-dell-inspiron-15-3000-series-3552-362826/p,2017-03-03,10.499,Dell